source|exchange|type|notes
NYSE|NYSE|website|
NYSE Withdrawn|NYSE|website|
Nasdaq|NASDAQ|website|
Nasdaq Priced|NASDAQ|website|
Nasdaq Withdrawn|NASDAQ|website|
JPX|Japan Exchange Group|website|
Shanghai|Shanghai Stock Exchange|website|
Euronext|Euronext|website|
AAStocks|Hong Kong Exchange|website|
LSE|London Stock Exchange|website|
CNInfo|Shenzhen Stock Exchange|website|
BS-TSX|TSX|website|only updated day of IPO
BS-TSXV|TSX|website|only updated day of IPO
TSX|Toronto Stock Exchange|website|only updated day of IPO, secondary source
Frankfurt|Deutsche Boerse|website|
KRX|Korea Exchange|website|
TWSE|Taiwan Stock Exchange|website|
BME|BME Spanish Exchanges|website|
SGX|Singapore Exchange|website|
IDX|Indonesia Stock Exchange|website|
BM|Bursa Malaysia|website|
IPOScoop|NYSE and Nasdaq|website|secondary source - only using IPOs not already available from NYSE or Nasdaq
NasdaqNordic|Multiple|website|only updated day of IPO
Spotlight|Spotlight|website|
East Money|Shanghai Stock Exchange, Shenzhen Stock Exchange|website|secondary source
ASX |Australian Stock Exchange|website|scraped separately
TKIPO|Japan Exchange Group|website|scraped separately, secondary source - mainly used for expected pricing dates
AlphaVantage|NYSE and Nasdaq|API|secondary source - only using IPOs not already available from NYSE or Nasdaq
